{"cameraMode":{"drawMode":0,"name":"Shaded","section":"Shading Mode"},"sceneLighting":false,"audioPlay":false,"sceneViewState":{"m_AlwaysRefresh":false,"showFog":true,"showSkybox":false,"showFlares":true,"showImageEffects":true,"showParticleSystems":true,"showVisualEffectGraphs":true,"m_FxEnabled":true},"in2DMode":false,"pivot":{"x":-81.5144271850586,"y":40.843658447265628,"z":32.126068115234378},"rotation":{"x":0.10032296180725098,"y":-0.023295359686017038,"z":-0.002324837725609541,"w":-0.9948571920394898},"size":21.327484130859376,"orthographic":false}