{"cameraMode":{"drawMode":0,"name":"Shaded","section":"Shading Mode"},"sceneLighting":false,"audioPlay":false,"sceneViewState":{"m_AlwaysRefresh":false,"showFog":true,"showSkybox":false,"showFlares":true,"showImageEffects":true,"showParticleSystems":true,"showVisualEffectGraphs":true,"m_FxEnabled":true},"in2DMode":false,"pivot":{"x":-82.0831527709961,"y":20.863405227661134,"z":14.728046417236329},"rotation":{"x":-0.000378421857021749,"y":0.999184787273407,"z":-0.043490659445524219,"w":-0.007196554448455572},"size":14.111421585083008,"orthographic":false}